Project Name,Address,No. of Units,Area (sqm),Type of Area,Transacted Price ($),Nett Price($),Unit Price ($ psm),Unit Price ($ psf),Sale Date,Property Type,Tenure,Completion Date,Type of Sale,Purchaser Address Indicator,Postal District,Postal Sector,Postal Code,Planning Region,Planning Area
THE EDEN AT TAMPINES,37 Tampines Street 34  #03-42 ,1,126,Strata,560150,-,4446,413,02-JUL-2001,Executive Condominium,99 Yrs From 12/09/2000,2003,New Sale,HDB,18,52,529240,East Region,Tampines
THE EDEN AT TAMPINES,25 Tampines Street 34  #02-16 ,1,116,Strata,478000,-,4121,383,02-JUL-2001,Executive Condominium,99 Yrs From 12/09/2000,2003,New Sale,HDB,18,52,529234,East Region,Tampines
THE EDEN AT TAMPINES,27 Tampines Street 34  #07-22 ,1,115,Strata,521815,-,4538,422,02-JUL-2001,Executive Condominium,99 Yrs From 12/09/2000,2003,New Sale,HDB,18,52,529235,East Region,Tampines
THE EDEN AT TAMPINES,21 Tampines Street 34  #08-02 ,1,80,Strata,394570,-,4932,458,02-JUL-2001,Executive Condominium,99 Yrs From 12/09/2000,2003,New Sale,HDB,18,52,529232,East Region,Tampines
THE EDEN AT TAMPINES,23 Tampines Street 34  #09-12 ,1,126,Strata,583780,-,4633,430,02-JUL-2001,Executive Condominium,99 Yrs From 12/09/2000,2003,New Sale,HDB,18,52,529233,East Region,Tampines
THE EDEN AT TAMPINES,29 Tampines Street 34  #04-27 ,1,116,Strata,494785,-,4265,396,02-JUL-2001,Executive Condominium,99 Yrs From 12/09/2000,2003,New Sale,HDB,18,52,529236,East Region,Tampines
THE EDEN AT TAMPINES,37 Tampines Street 34  #05-41 ,1,114,Strata,485605,-,4260,396,02-JUL-2001,Executive Condominium,99 Yrs From 12/09/2000,2003,New Sale,Private,18,52,529240,East Region,Tampines
THE EDEN AT TAMPINES,23 Tampines Street 34  #01-14 ,1,138,Strata,515270,-,3734,347,02-JUL-2001,Executive Condominium,99 Yrs From 12/09/2000,2003,New Sale,HDB,18,52,529233,East Region,Tampines
THE EDEN AT TAMPINES,29 Tampines Street 34  #02-28 ,1,116,Strata,488155,-,4208,391,02-JUL-2001,Executive Condominium,99 Yrs From 12/09/2000,2003,New Sale,HDB,18,52,529236,East Region,Tampines
THE EDEN AT TAMPINES,23 Tampines Street 34  #06-14 ,1,115,Strata,502350,-,4368,406,02-JUL-2001,Executive Condominium,99 Yrs From 12/09/2000,2003,New Sale,HDB,18,52,529233,East Region,Tampines
THE EDEN AT TAMPINES,21 Tampines Street 34  #09-04 ,1,110,Strata,493850,-,4490,417,02-JUL-2001,Executive Condominium,99 Yrs From 12/09/2000,2003,New Sale,Private,18,52,529232,East Region,Tampines
THE EDEN AT TAMPINES,27 Tampines Street 34  #01-24 ,1,135,Strata,529040,-,3919,364,02-JUL-2001,Executive Condominium,99 Yrs From 12/09/2000,2003,New Sale,HDB,18,52,529235,East Region,Tampines
THE EDEN AT TAMPINES,31 Tampines Street 34  #09-33 ,1,115,Strata,529000,-,4600,427,02-JUL-2001,Executive Condominium,99 Yrs From 12/09/2000,2003,New Sale,HDB,18,52,529237,East Region,Tampines
THE EDEN AT TAMPINES,29 Tampines Street 34  #08-28 ,1,116,Strata,495000,-,4267,396,02-JUL-2001,Executive Condominium,99 Yrs From 12/09/2000,2003,New Sale,HDB,18,52,529236,East Region,Tampines
THE EDEN AT TAMPINES,31 Tampines Street 34  #03-32 ,1,138,Strata,605000,-,4384,407,02-JUL-2001,Executive Condominium,99 Yrs From 12/09/2000,2003,New Sale,HDB,18,52,529237,East Region,Tampines
THE EDEN AT TAMPINES,21 Tampines Street 34  #04-07 ,1,110,Strata,461975,-,4200,390,02-JUL-2001,Executive Condominium,99 Yrs From 12/09/2000,2003,New Sale,HDB,18,52,529232,East Region,Tampines
THE EDEN AT TAMPINES,25 Tampines Street 34  #06-15 ,1,115,Strata,496000,-,4313,401,02-JUL-2001,Executive Condominium,99 Yrs From 12/09/2000,2003,New Sale,HDB,18,52,529234,East Region,Tampines
THE EDEN AT TAMPINES,37 Tampines Street 34  #07-44 ,1,112,Strata,481865,-,4302,400,02-JUL-2001,Executive Condominium,99 Yrs From 12/09/2000,2003,New Sale,HDB,18,52,529240,East Region,Tampines
WOODSVALE,17 Woodlands Drive 72  #04-47 ,1,119,Strata,435000,-,3655,340,JUL-2001,Executive Condominium,99 Yrs From 22/09/1997,2000,New Sale,N.A,25,73,738097,North Region,Woodlands
THE DEW,32 Bukit Batok Street 21  #14-12 ,1,112,Strata,480000,-,4286,398,JUL-2001,Executive Condominium,99 Yrs From 13/12/2000,2003,New Sale,Private,23,65,659637,West Region,Bukit Batok
THE DEW,30 Bukit Batok Street 21  #11-03 ,1,129,Strata,575000,-,4457,414,JUL-2001,Executive Condominium,99 Yrs From 13/12/2000,2003,New Sale,Private,23,65,659636,West Region,Bukit Batok
THE DEW,32 Bukit Batok Street 21  #03-10 ,1,122,Strata,506000,-,4148,385,JUL-2001,Executive Condominium,99 Yrs From 13/12/2000,2003,New Sale,HDB,23,65,659637,West Region,Bukit Batok
THE EDEN AT TAMPINES,37 Tampines Street 34  #02-41 ,1,114,Strata,446310,-,3915,364,JUL-2001,Executive Condominium,99 Yrs From 12/09/2000,2003,New Sale,N.A,18,52,529240,East Region,Tampines
THE EDEN AT TAMPINES,29 Tampines Street 34  #05-29 ,1,115,Strata,518160,-,4506,419,JUL-2001,Executive Condominium,99 Yrs From 12/09/2000,2003,New Sale,Private,18,52,529236,East Region,Tampines
THE EDEN AT TAMPINES,23 Tampines Street 34  #02-11 ,1,115,Strata,508470,-,4421,411,JUL-2001,Executive Condominium,99 Yrs From 12/09/2000,2003,New Sale,N.A,18,52,529233,East Region,Tampines
THE DEW,32 Bukit Batok Street 21  #05-13 ,1,122,Strata,506000,-,4148,385,JUL-2001,Executive Condominium,99 Yrs From 13/12/2000,2003,New Sale,HDB,23,65,659637,West Region,Bukit Batok
THE DEW,32 Bukit Batok Street 21  #15-10 ,1,129,Strata,572000,-,4434,412,JUL-2001,Executive Condominium,99 Yrs From 13/12/2000,2003,New Sale,Private,23,65,659637,West Region,Bukit Batok
THE EDEN AT TAMPINES,37 Tampines Street 34  #10-41 ,1,114,Strata,498330,-,4371,406,JUL-2001,Executive Condominium,99 Yrs From 12/09/2000,2003,New Sale,N.A,18,52,529240,East Region,Tampines
THE EDEN AT TAMPINES,35 Tampines Street 34  #07-40 ,1,126,Strata,545010,-,4325,402,JUL-2001,Executive Condominium,99 Yrs From 12/09/2000,2003,New Sale,N.A,18,52,529239,East Region,Tampines
THE EDEN AT TAMPINES,31 Tampines Street 34  #02-33 ,1,115,Strata,484050,-,4209,391,JUL-2001,Executive Condominium,99 Yrs From 12/09/2000,2003,New Sale,HDB,18,52,529237,East Region,Tampines
THE EDEN AT TAMPINES,35 Tampines Street 34  #03-40 ,1,126,Strata,530035,-,4207,391,JUL-2001,Executive Condominium,99 Yrs From 12/09/2000,2003,New Sale,HDB,18,52,529239,East Region,Tampines
THE FLORAVALE,230 Westwood Avenue  #01-25 ,1,164,Strata,515800,-,3145,292,JUL-2001,Executive Condominium,99 Yrs From 16/12/1997,2000,New Sale,HDB,22,64,648359,West Region,Jurong West
WOODSVALE,19 Woodlands Drive 72  #04-51 ,1,119,Strata,450000,-,3782,351,29-JUN-2001,Executive Condominium,99 Yrs From 22/09/1997,2000,New Sale,HDB,25,73,738098,North Region,Woodlands
WOODSVALE,19 Woodlands Drive 72  #05-50 ,1,122,Strata,454200,-,3723,346,29-JUN-2001,Executive Condominium,99 Yrs From 22/09/1997,2000,New Sale,HDB,25,73,738098,North Region,Woodlands
THE FLORAVALE,232 Westwood Avenue  #06-31 ,1,123,Strata,454600,-,3696,343,29-JUN-2001,Executive Condominium,99 Yrs From 16/12/1997,2000,New Sale,HDB,22,64,648360,West Region,Jurong West
THE EDEN AT TAMPINES,21 Tampines Street 34  #08-04 ,1,110,Strata,490535,-,4459,414,29-JUN-2001,Executive Condominium,99 Yrs From 12/09/2000,2003,New Sale,HDB,18,52,529232,East Region,Tampines
THE EDEN AT TAMPINES,27 Tampines Street 34  #07-23 ,1,116,Strata,524620,-,4523,420,29-JUN-2001,Executive Condominium,99 Yrs From 12/09/2000,2003,New Sale,Private,18,52,529235,East Region,Tampines
THE EDEN AT TAMPINES,37 Tampines Street 34  #01-41 ,1,143,Strata,497845,-,3481,323,29-JUN-2001,Executive Condominium,99 Yrs From 12/09/2000,2003,New Sale,HDB,18,52,529240,East Region,Tampines
THE EDEN AT TAMPINES,33 Tampines Street 34  #08-35 ,1,138,Strata,626365,-,4539,422,29-JUN-2001,Executive Condominium,99 Yrs From 12/09/2000,2003,New Sale,Private,18,52,529238,East Region,Tampines
THE EDEN AT TAMPINES,23 Tampines Street 34  #05-13 ,1,126,Strata,558025,-,4429,411,29-JUN-2001,Executive Condominium,99 Yrs From 12/09/2000,2003,New Sale,HDB,18,52,529233,East Region,Tampines
THE EDEN AT TAMPINES,31 Tampines Street 34  #04-32 ,1,138,Strata,608000,-,4406,409,29-JUN-2001,Executive Condominium,99 Yrs From 12/09/2000,2003,New Sale,HDB,18,52,529237,East Region,Tampines
THE EDEN AT TAMPINES,23 Tampines Street 34  #04-11 ,1,115,Strata,515015,-,4478,416,29-JUN-2001,Executive Condominium,99 Yrs From 12/09/2000,2003,New Sale,HDB,18,52,529233,East Region,Tampines
THE FLORAVALE,238 Westwood Avenue  #04-42 ,1,123,Strata,458900,-,3731,347,29-JUN-2001,Executive Condominium,99 Yrs From 16/12/1997,2000,New Sale,HDB,22,64,648363,West Region,Jurong West
THE EDEN AT TAMPINES,25 Tampines Street 34  #04-16 ,1,116,Strata,483000,-,4164,387,29-JUN-2001,Executive Condominium,99 Yrs From 12/09/2000,2003,New Sale,HDB,18,52,529234,East Region,Tampines
THE EDEN AT TAMPINES,23 Tampines Street 34  #08-14 ,1,115,Strata,495610,-,4310,400,28-JUN-2001,Executive Condominium,99 Yrs From 12/09/2000,2003,New Sale,HDB,18,52,529233,East Region,Tampines
THE EDEN AT TAMPINES,21 Tampines Street 34  #07-07 ,1,110,Strata,471835,-,4289,398,28-JUN-2001,Executive Condominium,99 Yrs From 12/09/2000,2003,New Sale,HDB,18,52,529232,East Region,Tampines
THE EDEN AT TAMPINES,35 Tampines Street 34  #08-39 ,1,126,Strata,572000,-,4540,422,28-JUN-2001,Executive Condominium,99 Yrs From 12/09/2000,2003,New Sale,HDB,18,52,529239,East Region,Tampines
THE EDEN AT TAMPINES,33 Tampines Street 34  #06-35 ,1,138,Strata,612510,-,4438,412,28-JUN-2001,Executive Condominium,99 Yrs From 12/09/2000,2003,New Sale,HDB,18,52,529238,East Region,Tampines
THE FLORAVALE,246 Westwood Avenue  #08-57 ,1,115,Strata,462300,-,4020,373,28-JUN-2001,Executive Condominium,99 Yrs From 16/12/1997,2000,New Sale,HDB,22,64,648367,West Region,Jurong West
THE EDEN AT TAMPINES,23 Tampines Street 34  #07-11 ,1,115,Strata,524960,-,4565,424,28-JUN-2001,Executive Condominium,99 Yrs From 12/09/2000,2003,New Sale,HDB,18,52,529233,East Region,Tampines
WOODSVALE,17 Woodlands Drive 72  #06-46 ,1,122,Strata,466800,-,3826,355,28-JUN-2001,Executive Condominium,99 Yrs From 22/09/1997,2000,New Sale,HDB,25,73,738097,North Region,Woodlands
WOODSVALE,15 Woodlands Drive 72  #07-42 ,1,122,Strata,466500,-,3824,355,27-JUN-2001,Executive Condominium,99 Yrs From 22/09/1997,2000,New Sale,HDB,25,73,738096,North Region,Woodlands
THE FLORAVALE,220 Westwood Avenue  #01-08 ,1,164,Strata,518000,-,3159,293,27-JUN-2001,Executive Condominium,99 Yrs From 16/12/1997,2000,New Sale,HDB,22,64,648352,West Region,Jurong West
WOODSVALE,9 Woodlands Drive 72  #02-21 ,1,120,Strata,472000,-,3933,365,27-JUN-2001,Executive Condominium,99 Yrs From 22/09/1997,2000,New Sale,HDB,25,73,738093,North Region,Woodlands
THE EDEN AT TAMPINES,33 Tampines Street 34  #09-36 ,1,138,Strata,638775,-,4629,430,27-JUN-2001,Executive Condominium,99 Yrs From 12/09/2000,2003,New Sale,HDB,18,52,529238,East Region,Tampines
THE EDEN AT TAMPINES,21 Tampines Street 34  #08-07 ,1,110,Strata,481865,-,4381,407,27-JUN-2001,Executive Condominium,99 Yrs From 12/09/2000,2003,New Sale,HDB,18,52,529232,East Region,Tampines
NORTHOAKS,22 Woodlands Crescent  #04-34 ,1,115,Strata,483000,-,4200,390,27-JUN-2001,Executive Condominium,99 Yrs From 16/12/1997,2000,New Sale,HDB,25,73,738082,North Region,Woodlands
THE EDEN AT TAMPINES,21 Tampines Street 34  #01-06 ,1,143,Strata,525555,-,3675,341,27-JUN-2001,Executive Condominium,99 Yrs From 12/09/2000,2003,New Sale,HDB,18,52,529232,East Region,Tampines
THE EDEN AT TAMPINES,23 Tampines Street 34  #04-12 ,1,126,Strata,560575,-,4449,413,27-JUN-2001,Executive Condominium,99 Yrs From 12/09/2000,2003,New Sale,HDB,18,52,529233,East Region,Tampines
THE EDEN AT TAMPINES,33 Tampines Street 34  #06-36 ,1,138,Strata,621180,-,4501,418,26-JUN-2001,Executive Condominium,99 Yrs From 12/09/2000,2003,New Sale,HDB,18,52,529238,East Region,Tampines
THE EDEN AT TAMPINES,31 Tampines Street 34  #09-32 ,1,138,Strata,638775,-,4629,430,26-JUN-2001,Executive Condominium,99 Yrs From 12/09/2000,2003,New Sale,Private,18,52,529237,East Region,Tampines
THE EDEN AT TAMPINES,29 Tampines Street 34  #09-29 ,1,115,Strata,520000,-,4522,420,26-JUN-2001,Executive Condominium,99 Yrs From 12/09/2000,2003,New Sale,Private,18,52,529236,East Region,Tampines
WOODSVALE,11 Woodlands Drive 72  #04-30 ,1,115,Strata,444000,-,3861,359,26-JUN-2001,Executive Condominium,99 Yrs From 22/09/1997,2000,New Sale,HDB,25,73,738094,North Region,Woodlands
THE EDEN AT TAMPINES,21 Tampines Street 34  #08-05 ,1,116,Strata,528870,-,4559,424,26-JUN-2001,Executive Condominium,99 Yrs From 12/09/2000,2003,New Sale,Private,18,52,529232,East Region,Tampines
THE EDEN AT TAMPINES,31 Tampines Street 34  #03-33 ,1,115,Strata,534905,-,4651,432,26-JUN-2001,Executive Condominium,99 Yrs From 12/09/2000,2003,New Sale,HDB,18,52,529237,East Region,Tampines
THE EDEN AT TAMPINES,23 Tampines Street 34  #08-11 ,1,115,Strata,534905,-,4651,432,26-JUN-2001,Executive Condominium,99 Yrs From 12/09/2000,2003,New Sale,HDB,18,52,529233,East Region,Tampines
THE EDEN AT TAMPINES,33 Tampines Street 34  #08-34 ,1,115,Strata,518245,-,4506,419,26-JUN-2001,Executive Condominium,99 Yrs From 12/09/2000,2003,New Sale,HDB,18,52,529238,East Region,Tampines
THE EDEN AT TAMPINES,21 Tampines Street 34  #06-06 ,1,116,Strata,507535,-,4375,406,25-JUN-2001,Executive Condominium,99 Yrs From 12/09/2000,2003,New Sale,HDB,18,52,529232,East Region,Tampines
THE EDEN AT TAMPINES,25 Tampines Street 34  #09-15 ,1,115,Strata,511700,-,4450,413,25-JUN-2001,Executive Condominium,99 Yrs From 12/09/2000,2003,New Sale,Private,18,52,529234,East Region,Tampines
THE EDEN AT TAMPINES,31 Tampines Street 34  #08-31 ,1,138,Strata,641000,-,4645,432,25-JUN-2001,Executive Condominium,99 Yrs From 12/09/2000,2003,New Sale,HDB,18,52,529237,East Region,Tampines
THE EDEN AT TAMPINES,21 Tampines Street 34  #03-05 ,1,116,Strata,510680,-,4402,409,25-JUN-2001,Executive Condominium,99 Yrs From 12/09/2000,2003,New Sale,Private,18,52,529232,East Region,Tampines
THE EDEN AT TAMPINES,25 Tampines Street 34  #10-17 ,1,189,Strata,741000,-,3921,364,25-JUN-2001,Executive Condominium,99 Yrs From 12/09/2000,2003,New Sale,Private,18,52,529234,East Region,Tampines
THE EDEN AT TAMPINES,31 Tampines Street 34  #07-31 ,1,138,Strata,631000,-,4572,425,25-JUN-2001,Executive Condominium,99 Yrs From 12/09/2000,2003,New Sale,HDB,18,52,529237,East Region,Tampines
THE EDEN AT TAMPINES,37 Tampines Street 34  #07-42 ,1,126,Strata,570350,-,4527,421,25-JUN-2001,Executive Condominium,99 Yrs From 12/09/2000,2003,New Sale,HDB,18,52,529240,East Region,Tampines
THE EDEN AT TAMPINES,35 Tampines Street 34  #10-39 ,1,213,Strata,828000,-,3887,361,25-JUN-2001,Executive Condominium,99 Yrs From 12/09/2000,2003,New Sale,Private,18,52,529239,East Region,Tampines
THE EDEN AT TAMPINES,23 Tampines Street 34  #06-13 ,1,126,Strata,561850,-,4459,414,25-JUN-2001,Executive Condominium,99 Yrs From 12/09/2000,2003,New Sale,HDB,18,52,529233,East Region,Tampines
THE EDEN AT TAMPINES,31 Tampines Street 34  #06-33 ,1,115,Strata,520000,-,4522,420,25-JUN-2001,Executive Condominium,99 Yrs From 12/09/2000,2003,New Sale,HDB,18,52,529237,East Region,Tampines
THE EDEN AT TAMPINES,37 Tampines Street 34  #08-42 ,1,126,Strata,580380,-,4606,428,25-JUN-2001,Executive Condominium,99 Yrs From 12/09/2000,2003,New Sale,Private,18,52,529240,East Region,Tampines
THE EDEN AT TAMPINES,31 Tampines Street 34  #05-32 ,1,138,Strata,627300,-,4546,422,25-JUN-2001,Executive Condominium,99 Yrs From 12/09/2000,2003,New Sale,HDB,18,52,529237,East Region,Tampines
THE EDEN AT TAMPINES,21 Tampines Street 34  #09-07 ,1,110,Strata,485180,-,4411,410,25-JUN-2001,Executive Condominium,99 Yrs From 12/09/2000,2003,New Sale,HDB,18,52,529232,East Region,Tampines
THE EDEN AT TAMPINES,29 Tampines Street 34  #08-27 ,1,116,Strata,495000,-,4267,396,25-JUN-2001,Executive Condominium,99 Yrs From 12/09/2000,2003,New Sale,HDB,18,52,529236,East Region,Tampines
THE EDEN AT TAMPINES,35 Tampines Street 34  #07-39 ,1,126,Strata,565000,-,4484,417,25-JUN-2001,Executive Condominium,99 Yrs From 12/09/2000,2003,New Sale,Private,18,52,529239,East Region,Tampines
THE EDEN AT TAMPINES,25 Tampines Street 34  #08-18 ,1,110,Strata,505000,-,4591,427,25-JUN-2001,Executive Condominium,99 Yrs From 12/09/2000,2003,New Sale,HDB,18,52,529234,East Region,Tampines
THE EDEN AT TAMPINES,21 Tampines Street 34  #08-03 ,1,94,Strata,455600,-,4847,450,25-JUN-2001,Executive Condominium,99 Yrs From 12/09/2000,2003,New Sale,HDB,18,52,529232,East Region,Tampines
THE EDEN AT TAMPINES,29 Tampines Street 34  #08-29 ,1,115,Strata,515865,-,4486,417,25-JUN-2001,Executive Condominium,99 Yrs From 12/09/2000,2003,New Sale,HDB,18,52,529236,East Region,Tampines
THE EDEN AT TAMPINES,35 Tampines Street 34  #06-39 ,1,126,Strata,557515,-,4425,411,23-JUN-2001,Executive Condominium,99 Yrs From 12/09/2000,2003,New Sale,HDB,18,52,529239,East Region,Tampines
WOODSVALE,15 Woodlands Drive 72  #12-43 ,1,120,Strata,470000,-,3917,364,22-JUN-2001,Executive Condominium,99 Yrs From 22/09/1997,2000,New Sale,HDB,25,73,738096,North Region,Woodlands
THE EDEN AT TAMPINES,33 Tampines Street 34  #01-36 ,1,170,Strata,648805,-,3817,355,22-JUN-2001,Executive Condominium,99 Yrs From 12/09/2000,2003,New Sale,Private,18,52,529238,East Region,Tampines
WOODSVALE,15 Woodlands Drive 72  #06-43 ,1,119,Strata,454000,-,3815,354,22-JUN-2001,Executive Condominium,99 Yrs From 22/09/1997,2000,New Sale,HDB,25,73,738096,North Region,Woodlands
THE EDEN AT TAMPINES,31 Tampines Street 34  #05-31 ,1,138,Strata,625000,-,4529,421,22-JUN-2001,Executive Condominium,99 Yrs From 12/09/2000,2003,New Sale,Private,18,52,529237,East Region,Tampines
THE EDEN AT TAMPINES,23 Tampines Street 34  #02-12 ,1,126,Strata,553945,-,4396,408,22-JUN-2001,Executive Condominium,99 Yrs From 12/09/2000,2003,New Sale,Private,18,52,529233,East Region,Tampines
THE EDEN AT TAMPINES,25 Tampines Street 34  #01-16 ,1,143,Strata,508000,-,3552,330,22-JUN-2001,Executive Condominium,99 Yrs From 12/09/2000,2003,New Sale,HDB,18,52,529234,East Region,Tampines
THE EDEN AT TAMPINES,25 Tampines Street 34  #05-17 ,1,116,Strata,513230,-,4424,411,22-JUN-2001,Executive Condominium,99 Yrs From 12/09/2000,2003,New Sale,HDB,18,52,529234,East Region,Tampines
THE EDEN AT TAMPINES,25 Tampines Street 34  #09-18 ,1,110,Strata,508000,-,4618,429,22-JUN-2001,Executive Condominium,99 Yrs From 12/09/2000,2003,New Sale,HDB,18,52,529234,East Region,Tampines
THE EDEN AT TAMPINES,21 Tampines Street 34  #07-06 ,1,116,Strata,510850,-,4404,409,22-JUN-2001,Executive Condominium,99 Yrs From 12/09/2000,2003,New Sale,HDB,18,52,529232,East Region,Tampines
THE EDEN AT TAMPINES,23 Tampines Street 34  #01-12 ,1,153,Strata,583565,-,3814,354,22-JUN-2001,Executive Condominium,99 Yrs From 12/09/2000,2003,New Sale,HDB,18,52,529233,East Region,Tampines
THE EDEN AT TAMPINES,21 Tampines Street 34  #07-05 ,1,116,Strata,518840,-,4473,416,22-JUN-2001,Executive Condominium,99 Yrs From 12/09/2000,2003,New Sale,HDB,18,52,529232,East Region,Tampines
THE EDEN AT TAMPINES,25 Tampines Street 34  #07-17 ,1,116,Strata,519860,-,4482,416,22-JUN-2001,Executive Condominium,99 Yrs From 12/09/2000,2003,New Sale,HDB,18,52,529234,East Region,Tampines
WOODSVALE,11 Woodlands Drive 72  #07-35 ,1,126,Strata,490300,-,3891,362,22-JUN-2001,Executive Condominium,99 Yrs From 22/09/1997,2000,New Sale,HDB,25,73,738094,North Region,Woodlands
THE EDEN AT TAMPINES,21 Tampines Street 34  #05-06 ,1,116,Strata,504220,-,4347,404,22-JUN-2001,Executive Condominium,99 Yrs From 12/09/2000,2003,New Sale,HDB,18,52,529232,East Region,Tampines
WOODSVALE,17 Woodlands Drive 72  #02-47 ,1,119,Strata,435000,-,3655,340,22-JUN-2001,Executive Condominium,99 Yrs From 22/09/1997,2000,New Sale,HDB,25,73,738097,North Region,Woodlands
THE EDEN AT TAMPINES,25 Tampines Street 34  #07-16 ,1,116,Strata,493000,-,4250,395,21-JUN-2001,Executive Condominium,99 Yrs From 12/09/2000,2003,New Sale,HDB,18,52,529234,East Region,Tampines
THE EDEN AT TAMPINES,23 Tampines Street 34  #01-11 ,1,137,Strata,533630,-,3895,362,21-JUN-2001,Executive Condominium,99 Yrs From 12/09/2000,2003,New Sale,HDB,18,52,529233,East Region,Tampines
NORTHOAKS,26 Woodlands Crescent  #02-26 ,1,115,Strata,500000,-,4348,404,21-JUN-2001,Executive Condominium,99 Yrs From 16/12/1997,2000,New Sale,Private,25,73,738084,North Region,Woodlands
THE EDEN AT TAMPINES,29 Tampines Street 34  #03-28 ,1,116,Strata,472000,-,4069,378,21-JUN-2001,Executive Condominium,99 Yrs From 12/09/2000,2003,New Sale,Private,18,52,529236,East Region,Tampines
NORTHOAKS,26 Woodlands Crescent  #15-26 ,1,211,Strata,695000,-,3294,306,21-JUN-2001,Executive Condominium,99 Yrs From 16/12/1997,2000,New Sale,HDB,25,73,738084,North Region,Woodlands
THE FLORAVALE,248 Westwood Avenue  #03-60 ,1,123,Strata,485300,-,3946,367,21-JUN-2001,Executive Condominium,99 Yrs From 16/12/1997,2000,New Sale,HDB,22,64,648353,West Region,Jurong West
THE EDEN AT TAMPINES,33 Tampines Street 34  #03-37 ,1,115,Strata,485520,-,4222,392,21-JUN-2001,Executive Condominium,99 Yrs From 12/09/2000,2003,New Sale,HDB,18,52,529238,East Region,Tampines
THE EDEN AT TAMPINES,23 Tampines Street 34  #05-12 ,1,126,Strata,563805,-,4475,416,21-JUN-2001,Executive Condominium,99 Yrs From 12/09/2000,2003,New Sale,HDB,18,52,529233,East Region,Tampines
THE EDEN AT TAMPINES,23 Tampines Street 34  #10-11 ,1,115,Strata,541535,-,4709,437,21-JUN-2001,Executive Condominium,99 Yrs From 12/09/2000,2003,New Sale,HDB,18,52,529233,East Region,Tampines
THE EDEN AT TAMPINES,21 Tampines Street 34  #10-03 ,1,94,Strata,461210,-,4906,456,21-JUN-2001,Executive Condominium,99 Yrs From 12/09/2000,2003,New Sale,HDB,18,52,529232,East Region,Tampines
THE EDEN AT TAMPINES,25 Tampines Street 34  #01-17 ,1,143,Strata,536000,-,3748,348,21-JUN-2001,Executive Condominium,99 Yrs From 12/09/2000,2003,New Sale,HDB,18,52,529234,East Region,Tampines
WOODSVALE,5 Woodlands Drive 72  #11-12 ,1,120,Strata,483500,-,4029,374,20-JUN-2001,Executive Condominium,99 Yrs From 22/09/1997,2000,New Sale,HDB,25,73,738091,North Region,Woodlands
THE EDEN AT TAMPINES,25 Tampines Street 34  #09-16 ,1,116,Strata,506000,-,4362,405,20-JUN-2001,Executive Condominium,99 Yrs From 12/09/2000,2003,New Sale,HDB,18,52,529234,East Region,Tampines
THE EDEN AT TAMPINES,37 Tampines Street 34  #01-42 ,1,159,Strata,593155,-,3731,347,20-JUN-2001,Executive Condominium,99 Yrs From 12/09/2000,2003,New Sale,HDB,18,52,529240,East Region,Tampines
THE EDEN AT TAMPINES,21 Tampines Street 34  #03-04 ,1,110,Strata,467330,-,4248,395,20-JUN-2001,Executive Condominium,99 Yrs From 12/09/2000,2003,New Sale,Private,18,52,529232,East Region,Tampines
THE EDEN AT TAMPINES,25 Tampines Street 34  #07-15 ,1,115,Strata,499000,-,4339,403,20-JUN-2001,Executive Condominium,99 Yrs From 12/09/2000,2003,New Sale,HDB,18,52,529234,East Region,Tampines
THE EDEN AT TAMPINES,31 Tampines Street 34  #01-33 ,1,138,Strata,533000,-,3862,359,20-JUN-2001,Executive Condominium,99 Yrs From 12/09/2000,2003,New Sale,HDB,18,52,529237,East Region,Tampines
THE FLORAVALE,236 Westwood Avenue  #05-39 ,1,123,Strata,471400,-,3833,356,20-JUN-2001,Executive Condominium,99 Yrs From 16/12/1997,2000,New Sale,Private,22,64,648362,West Region,Jurong West
THE EDEN AT TAMPINES,37 Tampines Street 34  #03-43 ,1,126,Strata,563125,-,4469,415,20-JUN-2001,Executive Condominium,99 Yrs From 12/09/2000,2003,New Sale,HDB,18,52,529240,East Region,Tampines
THE EDEN AT TAMPINES,37 Tampines Street 34  #01-43 ,1,159,Strata,601145,-,3781,351,20-JUN-2001,Executive Condominium,99 Yrs From 12/09/2000,2003,New Sale,HDB,18,52,529240,East Region,Tampines
THE EDEN AT TAMPINES,33 Tampines Street 34  #05-36 ,1,138,Strata,617355,-,4474,416,20-JUN-2001,Executive Condominium,99 Yrs From 12/09/2000,2003,New Sale,HDB,18,52,529238,East Region,Tampines
THE EDEN AT TAMPINES,33 Tampines Street 34  #02-35 ,1,138,Strata,582310,-,4220,392,20-JUN-2001,Executive Condominium,99 Yrs From 12/09/2000,2003,New Sale,HDB,18,52,529238,East Region,Tampines
THE FLORAVALE,226 Westwood Avenue  #10-17 ,1,120,Strata,456000,-,3800,353,19-JUN-2001,Executive Condominium,99 Yrs From 16/12/1997,2000,New Sale,HDB,22,64,648357,West Region,Jurong West
WOODSVALE,9 Woodlands Drive 72  #02-26 ,1,120,Strata,472000,-,3933,365,19-JUN-2001,Executive Condominium,99 Yrs From 22/09/1997,2000,New Sale,HDB,25,73,738093,North Region,Woodlands
THE FLORAVALE,242 Westwood Avenue  #03-50 ,1,123,Strata,474100,-,3854,358,19-JUN-2001,Executive Condominium,99 Yrs From 16/12/1997,2000,New Sale,HDB,22,64,648365,West Region,Jurong West
THE FLORAVALE,248 Westwood Avenue  #01-63 ,1,159,Strata,548600,-,3450,321,19-JUN-2001,Executive Condominium,99 Yrs From 16/12/1997,2000,New Sale,HDB,22,64,648353,West Region,Jurong West
THE FLORAVALE,228 Westwood Avenue  #11-23 ,1,123,Strata,458300,-,3726,346,19-JUN-2001,Executive Condominium,99 Yrs From 16/12/1997,2000,New Sale,HDB,22,64,648358,West Region,Jurong West
THE EDEN AT TAMPINES,33 Tampines Street 34  #07-35 ,1,138,Strata,616335,-,4466,415,19-JUN-2001,Executive Condominium,99 Yrs From 12/09/2000,2003,New Sale,HDB,18,52,529238,East Region,Tampines
THE FLORAVALE,240 Westwood Avenue  #01-48 ,1,159,Strata,509300,-,3203,298,19-JUN-2001,Executive Condominium,99 Yrs From 16/12/1997,2000,New Sale,HDB,22,64,648364,West Region,Jurong West
THE EDEN AT TAMPINES,21 Tampines Street 34  #06-03 ,1,94,Strata,442850,-,4711,438,19-JUN-2001,Executive Condominium,99 Yrs From 12/09/2000,2003,New Sale,HDB,18,52,529232,East Region,Tampines
WOODSVALE,9 Woodlands Drive 72  #02-22 ,1,126,Strata,483800,-,3840,357,18-JUN-2001,Executive Condominium,99 Yrs From 22/09/1997,2000,New Sale,HDB,25,73,738093,North Region,Woodlands
THE EDEN AT TAMPINES,23 Tampines Street 34  #06-11 ,1,115,Strata,521645,-,4536,421,18-JUN-2001,Executive Condominium,99 Yrs From 12/09/2000,2003,New Sale,HDB,18,52,529233,East Region,Tampines
THE EDEN AT TAMPINES,21 Tampines Street 34  #04-03 ,1,94,Strata,437240,-,4651,432,18-JUN-2001,Executive Condominium,99 Yrs From 12/09/2000,2003,New Sale,HDB,18,52,529232,East Region,Tampines
THE EDEN AT TAMPINES,25 Tampines Street 34  #03-16 ,1,116,Strata,479000,-,4129,384,18-JUN-2001,Executive Condominium,99 Yrs From 12/09/2000,2003,New Sale,HDB,18,52,529234,East Region,Tampines
THE EDEN AT TAMPINES,33 Tampines Street 34  #06-37 ,1,115,Strata,495465,-,4308,400,18-JUN-2001,Executive Condominium,99 Yrs From 12/09/2000,2003,New Sale,HDB,18,52,529238,East Region,Tampines
THE EDEN AT TAMPINES,25 Tampines Street 34  #06-17 ,1,116,Strata,516545,-,4453,414,18-JUN-2001,Executive Condominium,99 Yrs From 12/09/2000,2003,New Sale,HDB,18,52,529234,East Region,Tampines
THE EDEN AT TAMPINES,31 Tampines Street 34  #06-32 ,1,138,Strata,631125,-,4573,425,18-JUN-2001,Executive Condominium,99 Yrs From 12/09/2000,2003,New Sale,HDB,18,52,529237,East Region,Tampines
THE EDEN AT TAMPINES,23 Tampines Street 34  #09-11 ,1,115,Strata,538220,-,4680,435,18-JUN-2001,Executive Condominium,99 Yrs From 12/09/2000,2003,New Sale,HDB,18,52,529233,East Region,Tampines
THE EDEN AT TAMPINES,37 Tampines Street 34  #02-42 ,1,126,Strata,556325,-,4415,410,18-JUN-2001,Executive Condominium,99 Yrs From 12/09/2000,2003,New Sale,HDB,18,52,529240,East Region,Tampines
THE EDEN AT TAMPINES,33 Tampines Street 34  #04-35 ,1,138,Strata,609960,-,4420,411,18-JUN-2001,Executive Condominium,99 Yrs From 12/09/2000,2003,New Sale,HDB,18,52,529238,East Region,Tampines
THE EDEN AT TAMPINES,21 Tampines Street 34  #09-05 ,1,116,Strata,532100,-,4587,426,18-JUN-2001,Executive Condominium,99 Yrs From 12/09/2000,2003,New Sale,HDB,18,52,529232,East Region,Tampines
WOODSVALE,5 Woodlands Drive 72  #13-12 ,1,120,Strata,489500,-,4079,379,18-JUN-2001,Executive Condominium,99 Yrs From 22/09/1997,2000,New Sale,Private,25,73,738091,North Region,Woodlands
THE EDEN AT TAMPINES,23 Tampines Street 34  #06-12 ,1,126,Strata,541000,-,4294,399,18-JUN-2001,Executive Condominium,99 Yrs From 12/09/2000,2003,New Sale,HDB,18,52,529233,East Region,Tampines
THE EDEN AT TAMPINES,37 Tampines Street 34  #05-42 ,1,126,Strata,562700,-,4466,415,18-JUN-2001,Executive Condominium,99 Yrs From 12/09/2000,2003,New Sale,HDB,18,52,529240,East Region,Tampines
THE EDEN AT TAMPINES,23 Tampines Street 34  #03-11 ,1,115,Strata,511700,-,4450,413,18-JUN-2001,Executive Condominium,99 Yrs From 12/09/2000,2003,New Sale,HDB,18,52,529233,East Region,Tampines
THE EDEN AT TAMPINES,37 Tampines Street 34  #09-43 ,1,126,Strata,592110,-,4699,437,15-JUN-2001,Executive Condominium,99 Yrs From 12/09/2000,2003,New Sale,Private,18,52,529240,East Region,Tampines
WOODSVALE,15 Woodlands Drive 72  #01-44 ,1,129,Strata,485300,-,3762,349,15-JUN-2001,Executive Condominium,99 Yrs From 22/09/1997,2000,New Sale,HDB,25,73,738096,North Region,Woodlands
THE EDEN AT TAMPINES,25 Tampines Street 34  #08-17 ,1,116,Strata,529805,-,4567,424,15-JUN-2001,Executive Condominium,99 Yrs From 12/09/2000,2003,New Sale,HDB,18,52,529234,East Region,Tampines
THE EDEN AT TAMPINES,35 Tampines Street 34  #09-39 ,1,126,Strata,574175,-,4557,423,15-JUN-2001,Executive Condominium,99 Yrs From 12/09/2000,2003,New Sale,HDB,18,52,529239,East Region,Tampines
THE EDEN AT TAMPINES,21 Tampines Street 34  #04-05 ,1,116,Strata,508980,-,4388,408,15-JUN-2001,Executive Condominium,99 Yrs From 12/09/2000,2003,New Sale,HDB,18,52,529232,East Region,Tampines
THE EDEN AT TAMPINES,37 Tampines Street 34  #07-43 ,1,126,Strata,578340,-,4590,426,15-JUN-2001,Executive Condominium,99 Yrs From 12/09/2000,2003,New Sale,HDB,18,52,529240,East Region,Tampines
THE EDEN AT TAMPINES,21 Tampines Street 34  #05-05 ,1,116,Strata,512210,-,4416,410,15-JUN-2001,Executive Condominium,99 Yrs From 12/09/2000,2003,New Sale,HDB,18,52,529232,East Region,Tampines
THE EDEN AT TAMPINES,23 Tampines Street 34  #08-12 ,1,126,Strata,580465,-,4607,428,15-JUN-2001,Executive Condominium,99 Yrs From 12/09/2000,2003,New Sale,HDB,18,52,529233,East Region,Tampines
THE EDEN AT TAMPINES,21 Tampines Street 34  #08-06 ,1,116,Strata,520880,-,4490,417,15-JUN-2001,Executive Condominium,99 Yrs From 12/09/2000,2003,New Sale,HDB,18,52,529232,East Region,Tampines
WOODSVALE,15 Woodlands Drive 72  #11-42 ,1,122,Strata,495000,-,4057,377,15-JUN-2001,Executive Condominium,99 Yrs From 22/09/1997,2000,New Sale,Private,25,73,738096,North Region,Woodlands
THE EDEN AT TAMPINES,23 Tampines Street 34  #08-13 ,1,126,Strata,575620,-,4568,424,15-JUN-2001,Executive Condominium,99 Yrs From 12/09/2000,2003,New Sale,HDB,18,52,529233,East Region,Tampines
THE EDEN AT TAMPINES,37 Tampines Street 34  #06-42 ,1,126,Strata,566525,-,4496,418,15-JUN-2001,Executive Condominium,99 Yrs From 12/09/2000,2003,New Sale,Private,18,52,529240,East Region,Tampines
THE EDEN AT TAMPINES,37 Tampines Street 34  #04-43 ,1,126,Strata,566950,-,4500,418,15-JUN-2001,Executive Condominium,99 Yrs From 12/09/2000,2003,New Sale,HDB,18,52,529240,East Region,Tampines
NORTHOAKS,22 Woodlands Crescent  #15-34 ,1,211,Strata,690000,-,3270,304,14-JUN-2001,Executive Condominium,99 Yrs From 16/12/1997,2000,New Sale,Private,25,73,738082,North Region,Woodlands
THE EDEN AT TAMPINES,27 Tampines Street 34  #06-23 ,1,116,Strata,521305,-,4494,418,14-JUN-2001,Executive Condominium,99 Yrs From 12/09/2000,2003,New Sale,Private,18,52,529235,East Region,Tampines
THE FLORAVALE,222 Westwood Avenue  #01-10 ,1,166,Strata,597600,-,3600,334,14-JUN-2001,Executive Condominium,99 Yrs From 16/12/1997,2000,New Sale,HDB,22,64,648355,West Region,Jurong West
THE FLORAVALE,222 Westwood Avenue  #03-10 ,1,129,Strata,534800,-,4146,385,14-JUN-2001,Executive Condominium,99 Yrs From 16/12/1997,2000,New Sale,HDB,22,64,648355,West Region,Jurong West
THE EDEN AT TAMPINES,21 Tampines Street 34  #05-03 ,1,94,Strata,440045,-,4681,435,14-JUN-2001,Executive Condominium,99 Yrs From 12/09/2000,2003,New Sale,HDB,18,52,529232,East Region,Tampines
THE EDEN AT TAMPINES,37 Tampines Street 34  #08-43 ,1,126,Strata,588370,-,4670,434,14-JUN-2001,Executive Condominium,99 Yrs From 12/09/2000,2003,New Sale,HDB,18,52,529240,East Region,Tampines
WOODSVALE,1 Woodlands Drive 72  #02-02 ,1,122,Strata,476600,-,3907,363,14-JUN-2001,Executive Condominium,99 Yrs From 22/09/1997,2000,New Sale,Private,25,73,738089,North Region,Woodlands
THE EDEN AT TAMPINES,33 Tampines Street 34  #07-36 ,1,138,Strata,624920,-,4528,421,14-JUN-2001,Executive Condominium,99 Yrs From 12/09/2000,2003,New Sale,HDB,18,52,529238,East Region,Tampines
THE EDEN AT TAMPINES,21 Tampines Street 34  #01-05 ,1,143,Strata,533545,-,3731,347,14-JUN-2001,Executive Condominium,99 Yrs From 12/09/2000,2003,New Sale,HDB,18,52,529232,East Region,Tampines
THE FLORAVALE,234 Westwood Avenue  #10-34 ,1,123,Strata,474700,-,3859,359,14-JUN-2001,Executive Condominium,99 Yrs From 16/12/1997,2000,New Sale,HDB,22,64,648361,West Region,Jurong West
THE EDEN AT TAMPINES,37 Tampines Street 34  #03-41 ,1,114,Strata,469625,-,4120,383,13-JUN-2001,Executive Condominium,99 Yrs From 12/09/2000,2003,New Sale,HDB,18,52,529240,East Region,Tampines
THE EDEN AT TAMPINES,23 Tampines Street 34  #07-12 ,1,126,Strata,570453,-,4527,421,13-JUN-2001,Executive Condominium,99 Yrs From 12/09/2000,2003,New Sale,Private,18,52,529233,East Region,Tampines
THE EDEN AT TAMPINES,21 Tampines Street 34  #04-06 ,1,116,Strata,500905,-,4318,401,13-JUN-2001,Executive Condominium,99 Yrs From 12/09/2000,2003,New Sale,HDB,18,52,529232,East Region,Tampines
WOODSVALE,11 Woodlands Drive 72  #02-38 ,1,120,Strata,458800,-,3823,355,13-JUN-2001,Executive Condominium,99 Yrs From 22/09/1997,2000,New Sale,HDB,25,73,738094,North Region,Woodlands
WOODSVALE,9 Woodlands Drive 72  #03-19 ,1,120,Strata,487000,-,4058,377,13-JUN-2001,Executive Condominium,99 Yrs From 22/09/1997,2000,New Sale,HDB,25,73,738093,North Region,Woodlands
THE FLORAVALE,232 Westwood Avenue  #01-32 ,1,164,Strata,508200,-,3099,288,13-JUN-2001,Executive Condominium,99 Yrs From 16/12/1997,2000,New Sale,HDB,22,64,648360,West Region,Jurong West
THE FLORAVALE,232 Westwood Avenue  #12-31 ,1,123,Strata,478600,-,3891,361,12-JUN-2001,Executive Condominium,99 Yrs From 16/12/1997,2000,New Sale,HDB,22,64,648360,West Region,Jurong West
WOODSVALE,7 Woodlands Drive 72  #12-13 ,1,120,Strata,482800,-,4023,374,12-JUN-2001,Executive Condominium,99 Yrs From 22/09/1997,2000,New Sale,HDB,25,73,738092,North Region,Woodlands
WOODSVALE,17 Woodlands Drive 72  #10-46 ,1,122,Strata,478000,-,3918,364,12-JUN-2001,Executive Condominium,99 Yrs From 22/09/1997,2000,New Sale,HDB,25,73,738097,North Region,Woodlands
THE EDEN AT TAMPINES,33 Tampines Street 34  #03-35 ,1,138,Strata,606135,-,4392,408,12-JUN-2001,Executive Condominium,99 Yrs From 12/09/2000,2003,New Sale,HDB,18,52,529238,East Region,Tampines
THE FLORAVALE,222 Westwood Avenue  #02-11 ,1,128,Strata,458100,-,3579,332,12-JUN-2001,Executive Condominium,99 Yrs From 16/12/1997,2000,New Sale,HDB,22,64,648355,West Region,Jurong West
THE FLORAVALE,244 Westwood Avenue  #04-55 ,1,122,Strata,472700,-,3875,360,12-JUN-2001,Executive Condominium,99 Yrs From 16/12/1997,2000,New Sale,HDB,22,64,648366,West Region,Jurong West
THE EDEN AT TAMPINES,25 Tampines Street 34  #09-17 ,1,116,Strata,533120,-,4596,427,12-JUN-2001,Executive Condominium,99 Yrs From 12/09/2000,2003,New Sale,HDB,18,52,529234,East Region,Tampines
THE EDEN AT TAMPINES,37 Tampines Street 34  #04-42 ,1,126,Strata,558960,-,4436,412,12-JUN-2001,Executive Condominium,99 Yrs From 12/09/2000,2003,New Sale,HDB,18,52,529240,East Region,Tampines
THE EDEN AT TAMPINES,37 Tampines Street 34  #10-43 ,1,213,Strata,849320,-,3987,370,12-JUN-2001,Executive Condominium,99 Yrs From 12/09/2000,2003,New Sale,HDB,18,52,529240,East Region,Tampines
THE FLORAVALE,224 Westwood Avenue  #01-15 ,1,166,Strata,586300,-,3532,328,12-JUN-2001,Executive Condominium,99 Yrs From 16/12/1997,2000,New Sale,HDB,22,64,648356,West Region,Jurong West
THE EDEN AT TAMPINES,21 Tampines Street 34  #06-05 ,1,116,Strata,515525,-,4444,413,12-JUN-2001,Executive Condominium,99 Yrs From 12/09/2000,2003,New Sale,HDB,18,52,529232,East Region,Tampines
THE DEW,30 Bukit Batok Street 21  #02-01 ,1,112,Strata,434000,-,3875,360,12-JUN-2001,Executive Condominium,99 Yrs From 13/12/2000,2003,New Sale,HDB,23,65,659636,West Region,Bukit Batok
THE EDEN AT TAMPINES,33 Tampines Street 34  #08-37 ,1,115,Strata,508725,-,4424,411,12-JUN-2001,Executive Condominium,99 Yrs From 12/09/2000,2003,New Sale,HDB,18,52,529238,East Region,Tampines
WOODSVALE,11 Woodlands Drive 72  #02-30 ,1,115,Strata,438000,-,3809,354,12-JUN-2001,Executive Condominium,99 Yrs From 22/09/1997,2000,New Sale,HDB,25,73,738094,North Region,Woodlands
THE EDEN AT TAMPINES,37 Tampines Street 34  #05-43 ,1,126,Strata,570775,-,4530,421,12-JUN-2001,Executive Condominium,99 Yrs From 12/09/2000,2003,New Sale,HDB,18,52,529240,East Region,Tampines
THE EDEN AT TAMPINES,33 Tampines Street 34  #07-37 ,1,115,Strata,498780,-,4337,403,12-JUN-2001,Executive Condominium,99 Yrs From 12/09/2000,2003,New Sale,HDB,18,52,529238,East Region,Tampines
THE EDEN AT TAMPINES,37 Tampines Street 34  #09-42 ,1,126,Strata,584120,-,4636,431,12-JUN-2001,Executive Condominium,99 Yrs From 12/09/2000,2003,New Sale,HDB,18,52,529240,East Region,Tampines
THE FLORAVALE,242 Westwood Avenue  #01-49 ,1,164,Strata,545600,-,3327,309,12-JUN-2001,Executive Condominium,99 Yrs From 16/12/1997,2000,New Sale,HDB,22,64,648365,West Region,Jurong West
WOODSVALE,15 Woodlands Drive 72  #10-42 ,1,122,Strata,481500,-,3947,367,12-JUN-2001,Executive Condominium,99 Yrs From 22/09/1997,2000,New Sale,HDB,25,73,738096,North Region,Woodlands
THE EDEN AT TAMPINES,33 Tampines Street 34  #08-36 ,1,138,Strata,634950,-,4601,427,11-JUN-2001,Executive Condominium,99 Yrs From 12/09/2000,2003,New Sale,HDB,18,52,529238,East Region,Tampines
WOODSVALE,9 Woodlands Drive 72  #03-26 ,1,120,Strata,487000,-,4058,377,11-JUN-2001,Executive Condominium,99 Yrs From 22/09/1997,2000,New Sale,HDB,25,73,738093,North Region,Woodlands
WOODSVALE,19 Woodlands Drive 72  #11-50 ,1,122,Strata,477200,-,3911,363,08-JUN-2001,Executive Condominium,99 Yrs From 22/09/1997,2000,New Sale,Private,25,73,738098,North Region,Woodlands
WOODSVALE,19 Woodlands Drive 72  #08-51 ,1,119,Strata,460000,-,3866,359,08-JUN-2001,Executive Condominium,99 Yrs From 22/09/1997,2000,New Sale,HDB,25,73,738098,North Region,Woodlands
WOODSVALE,5 Woodlands Drive 72  #10-09 ,1,120,Strata,480500,-,4004,372,08-JUN-2001,Executive Condominium,99 Yrs From 22/09/1997,2000,New Sale,HDB,25,73,738091,North Region,Woodlands
WOODSVALE,11 Woodlands Drive 72  #08-35 ,1,126,Strata,503300,-,3994,371,08-JUN-2001,Executive Condominium,99 Yrs From 22/09/1997,2000,New Sale,HDB,25,73,738094,North Region,Woodlands
THE FLORAVALE,236 Westwood Avenue  #07-39 ,1,123,Strata,476400,-,3873,360,08-JUN-2001,Executive Condominium,99 Yrs From 16/12/1997,2000,New Sale,HDB,22,64,648362,West Region,Jurong West
THE FLORAVALE,230 Westwood Avenue  #13-27 ,1,116,Strata,446000,-,3845,357,08-JUN-2001,Executive Condominium,99 Yrs From 16/12/1997,2000,New Sale,HDB,22,64,648359,West Region,Jurong West
WOODSVALE,19 Woodlands Drive 72  #11-51 ,1,120,Strata,469000,-,3908,363,07-JUN-2001,Executive Condominium,99 Yrs From 22/09/1997,2000,New Sale,Private,25,73,738098,North Region,Woodlands
WOODSVALE,15 Woodlands Drive 72  #08-43 ,1,119,Strata,460000,-,3866,359,07-JUN-2001,Executive Condominium,99 Yrs From 22/09/1997,2000,New Sale,HDB,25,73,738096,North Region,Woodlands
WOODSVALE,15 Woodlands Drive 72  #09-42 ,1,122,Strata,478500,-,3922,364,07-JUN-2001,Executive Condominium,99 Yrs From 22/09/1997,2000,New Sale,Private,25,73,738096,North Region,Woodlands
WOODSVALE,5 Woodlands Drive 72  #10-12 ,1,120,Strata,480500,-,4004,372,07-JUN-2001,Executive Condominium,99 Yrs From 22/09/1997,2000,New Sale,HDB,25,73,738091,North Region,Woodlands
THE FLORAVALE,228 Westwood Avenue  #12-23 ,1,123,Strata,467300,-,3799,353,07-JUN-2001,Executive Condominium,99 Yrs From 16/12/1997,2000,New Sale,Private,22,64,648358,West Region,Jurong West
THE FLORAVALE,248 Westwood Avenue  #01-61 ,1,164,Strata,550000,-,3354,312,07-JUN-2001,Executive Condominium,99 Yrs From 16/12/1997,2000,New Sale,Private,22,64,648353,West Region,Jurong West
WOODSVALE,7 Woodlands Drive 72  #10-16 ,1,120,Strata,480500,-,4004,372,07-JUN-2001,Executive Condominium,99 Yrs From 22/09/1997,2000,New Sale,HDB,25,73,738092,North Region,Woodlands
WOODSVALE,5 Woodlands Drive 72  #07-09 ,1,120,Strata,471500,-,3929,365,06-JUN-2001,Executive Condominium,99 Yrs From 22/09/1997,2000,New Sale,HDB,25,73,738091,North Region,Woodlands
WOODSVALE,17 Woodlands Drive 72  #02-48 ,1,122,Strata,483800,-,3966,368,06-JUN-2001,Executive Condominium,99 Yrs From 22/09/1997,2000,New Sale,HDB,25,73,738097,North Region,Woodlands
WOODSVALE,15 Woodlands Drive 72  #06-42 ,1,122,Strata,469500,-,3848,358,06-JUN-2001,Executive Condominium,99 Yrs From 22/09/1997,2000,New Sale,HDB,25,73,738096,North Region,Woodlands
WOODSVALE,11 Woodlands Drive 72  #11-31 ,1,120,Strata,505500,-,4213,391,06-JUN-2001,Executive Condominium,99 Yrs From 22/09/1997,2000,New Sale,HDB,25,73,738094,North Region,Woodlands
THE FLORAVALE,242 Westwood Avenue  #02-49 ,1,130,Strata,509300,-,3918,364,06-JUN-2001,Executive Condominium,99 Yrs From 16/12/1997,2000,New Sale,Private,22,64,648365,West Region,Jurong West
THE FLORAVALE,222 Westwood Avenue  #11-11 ,1,120,Strata,463800,-,3865,359,06-JUN-2001,Executive Condominium,99 Yrs From 16/12/1997,2000,New Sale,HDB,22,64,648355,West Region,Jurong West
THE FLORAVALE,242 Westwood Avenue  #02-50 ,1,130,Strata,511700,-,3936,366,06-JUN-2001,Executive Condominium,99 Yrs From 16/12/1997,2000,New Sale,HDB,22,64,648365,West Region,Jurong West
WOODSVALE,7 Woodlands Drive 72  #14-13 ,1,120,Strata,485800,-,4048,376,06-JUN-2001,Executive Condominium,99 Yrs From 22/09/1997,2000,New Sale,HDB,25,73,738092,North Region,Woodlands
WOODSVALE,9 Woodlands Drive 72  #02-24 ,1,120,Strata,472000,-,3933,365,06-JUN-2001,Executive Condominium,99 Yrs From 22/09/1997,2000,New Sale,HDB,25,73,738093,North Region,Woodlands
THE FLORAVALE,226 Westwood Avenue  #02-18 ,1,130,Strata,486000,-,3738,347,06-JUN-2001,Executive Condominium,99 Yrs From 16/12/1997,2000,New Sale,Private,22,64,648357,West Region,Jurong West
THE FLORAVALE,234 Westwood Avenue  #12-34 ,1,123,Strata,480700,-,3908,363,06-JUN-2001,Executive Condominium,99 Yrs From 16/12/1997,2000,New Sale,HDB,22,64,648361,West Region,Jurong West
THE FLORAVALE,244 Westwood Avenue  #13-56 ,1,113,Strata,469800,-,4158,386,05-JUN-2001,Executive Condominium,99 Yrs From 16/12/1997,2000,New Sale,HDB,22,64,648366,West Region,Jurong West
WOODSVALE,7 Woodlands Drive 72  #09-13 ,1,120,Strata,473800,-,3948,367,05-JUN-2001,Executive Condominium,99 Yrs From 22/09/1997,2000,New Sale,HDB,25,73,738092,North Region,Woodlands
WOODSVALE,9 Woodlands Drive 72  #14-22 ,1,126,Strata,528800,-,4197,390,05-JUN-2001,Executive Condominium,99 Yrs From 22/09/1997,2000,New Sale,HDB,25,73,738093,North Region,Woodlands
WOODSVALE,7 Woodlands Drive 72  #07-13 ,1,120,Strata,467800,-,3898,362,05-JUN-2001,Executive Condominium,99 Yrs From 22/09/1997,2000,New Sale,HDB,25,73,738092,North Region,Woodlands
WOODSVALE,9 Woodlands Drive 72  #04-23 ,1,126,Strata,510800,-,4054,377,05-JUN-2001,Executive Condominium,99 Yrs From 22/09/1997,2000,New Sale,HDB,25,73,738093,North Region,Woodlands
THE FLORAVALE,224 Westwood Avenue  #02-13 ,1,130,Strata,476700,-,3667,341,05-JUN-2001,Executive Condominium,99 Yrs From 16/12/1997,2000,New Sale,HDB,22,64,648356,West Region,Jurong West
THE FLORAVALE,242 Westwood Avenue  #03-49 ,1,122,Strata,468100,-,3837,356,05-JUN-2001,Executive Condominium,99 Yrs From 16/12/1997,2000,New Sale,Private,22,64,648365,West Region,Jurong West
WOODSVALE,17 Woodlands Drive 72  #04-48 ,1,122,Strata,495800,-,4064,378,04-JUN-2001,Executive Condominium,99 Yrs From 22/09/1997,2000,New Sale,HDB,25,73,738097,North Region,Woodlands
YEW MEI GREEN,52 Choa Chu Kang North 6  #02-24 ,1,120,Strata,400000,-,3333,310,04-JUN-2001,Executive Condominium,99 Yrs From 01/12/1997,2000,New Sale,HDB,23,68,689575,West Region,Choa Chu Kang
THE FLORAVALE,222 Westwood Avenue  #06-11 ,1,120,Strata,451800,-,3765,350,04-JUN-2001,Executive Condominium,99 Yrs From 16/12/1997,2000,New Sale,HDB,22,64,648355,West Region,Jurong West
THE FLORAVALE,226 Westwood Avenue  #05-17 ,1,122,Strata,447300,-,3666,341,04-JUN-2001,Executive Condominium,99 Yrs From 16/12/1997,2000,New Sale,Private,22,64,648357,West Region,Jurong West
WOODSVALE,5 Woodlands Drive 72  #13-09 ,1,120,Strata,489500,-,4079,379,04-JUN-2001,Executive Condominium,99 Yrs From 22/09/1997,2000,New Sale,HDB,25,73,738091,North Region,Woodlands
THE FLORAVALE,222 Westwood Avenue  #05-12 ,1,123,Strata,478100,-,3887,361,04-JUN-2001,Executive Condominium,99 Yrs From 16/12/1997,2000,New Sale,HDB,22,64,648355,West Region,Jurong West
WOODSVALE,5 Woodlands Drive 72  #06-09 ,1,120,Strata,468500,-,3904,363,04-JUN-2001,Executive Condominium,99 Yrs From 22/09/1997,2000,New Sale,HDB,25,73,738091,North Region,Woodlands
THE EDEN AT TAMPINES,31 Tampines Street 34  #08-30 ,1,111,Strata,468070,-,4217,392,03-JUN-2001,Executive Condominium,99 Yrs From 12/09/2000,2003,New Sale,Private,18,52,529237,East Region,Tampines
THE EDEN AT TAMPINES,29 Tampines Street 34  #06-29 ,1,115,Strata,521475,-,4535,421,JUN-2001,Executive Condominium,99 Yrs From 12/09/2000,2003,New Sale,HDB,18,52,529236,East Region,Tampines
NORTHOAKS,32 Woodlands Crescent  #04-02 ,1,115,Strata,494700,-,4302,400,JUN-2001,Executive Condominium,99 Yrs From 16/12/1997,2000,New Sale,HDB,25,73,738087,North Region,Woodlands
THE FLORAVALE,248 Westwood Avenue  #10-63 ,1,115,Strata,478600,-,4162,387,01-JUN-2001,Executive Condominium,99 Yrs From 16/12/1997,2000,New Sale,HDB,22,64,648353,West Region,Jurong West
THE EDEN AT TAMPINES,31 Tampines Street 34  #08-32 ,1,138,Strata,634950,-,4601,427,JUN-2001,Executive Condominium,99 Yrs From 12/09/2000,2003,New Sale,HDB,18,52,529237,East Region,Tampines
WOODSVALE,3 Woodlands Drive 72  #05-05 ,1,120,Strata,477600,-,3980,370,JUN-2001,Executive Condominium,99 Yrs From 22/09/1997,2000,New Sale,HDB,25,73,738090,North Region,Woodlands
THE EDEN AT TAMPINES,25 Tampines Street 34  #04-15 ,1,115,Strata,489000,-,4252,395,JUN-2001,Executive Condominium,99 Yrs From 12/09/2000,2003,New Sale,HDB,18,52,529234,East Region,Tampines
THE EDEN AT TAMPINES,29 Tampines Street 34  #09-27 ,1,116,Strata,517990,-,4465,415,JUN-2001,Executive Condominium,99 Yrs From 12/09/2000,2003,New Sale,HDB,18,52,529236,East Region,Tampines
THE FLORAVALE,230 Westwood Avenue  #06-27 ,1,116,Strata,425000,-,3664,340,JUN-2001,Executive Condominium,99 Yrs From 16/12/1997,2000,New Sale,HDB,22,64,648359,West Region,Jurong West
THE FLORAVALE,234 Westwood Avenue  #13-33 ,1,113,Strata,462800,-,4096,380,01-JUN-2001,Executive Condominium,99 Yrs From 16/12/1997,2000,New Sale,HDB,22,64,648361,West Region,Jurong West
THE EDEN AT TAMPINES,33 Tampines Street 34  #09-35 ,1,138,Strata,630105,-,4566,424,JUN-2001,Executive Condominium,99 Yrs From 12/09/2000,2003,New Sale,HDB,18,52,529238,East Region,Tampines
WOODSVALE,1 Woodlands Drive 72  #02-03 ,1,119,Strata,459200,-,3859,358,01-JUN-2001,Executive Condominium,99 Yrs From 22/09/1997,2000,New Sale,HDB,25,73,738089,North Region,Woodlands
THE FLORAVALE,242 Westwood Avenue  #13-49 ,1,120,Strata,497100,-,4143,385,31-MAY-2001,Executive Condominium,99 Yrs From 16/12/1997,2000,New Sale,HDB,22,64,648365,West Region,Jurong West
WOODSVALE,19 Woodlands Drive 72  #07-50 ,1,122,Strata,465200,-,3813,354,31-MAY-2001,Executive Condominium,99 Yrs From 22/09/1997,2000,New Sale,HDB,25,73,738098,North Region,Woodlands
WOODSVALE,19 Woodlands Drive 72  #09-51 ,1,119,Strata,463000,-,3891,361,31-MAY-2001,Executive Condominium,99 Yrs From 22/09/1997,2000,New Sale,HDB,25,73,738098,North Region,Woodlands
THE FLORAVALE,244 Westwood Avenue  #03-55 ,1,122,Strata,465700,-,3817,355,31-MAY-2001,Executive Condominium,99 Yrs From 16/12/1997,2000,New Sale,HDB,22,64,648366,West Region,Jurong West
WOODSVALE,11 Woodlands Drive 72  #02-32 ,1,114,Strata,441800,-,3875,360,31-MAY-2001,Executive Condominium,99 Yrs From 22/09/1997,2000,New Sale,HDB,25,73,738094,North Region,Woodlands
WOODSVALE,3 Woodlands Drive 72  #07-05 ,1,120,Strata,482600,-,4022,374,31-MAY-2001,Executive Condominium,99 Yrs From 22/09/1997,2000,New Sale,HDB,25,73,738090,North Region,Woodlands
WOODSVALE,11 Woodlands Drive 72  #11-34 ,1,126,Strata,517300,-,4106,381,31-MAY-2001,Executive Condominium,99 Yrs From 22/09/1997,2000,New Sale,HDB,25,73,738094,North Region,Woodlands
THE FLORAVALE,242 Westwood Avenue  #06-52 ,1,115,Strata,460800,-,4007,372,31-MAY-2001,Executive Condominium,99 Yrs From 16/12/1997,2000,New Sale,Private,22,64,648365,West Region,Jurong West
THE DEW,32 Bukit Batok Street 21  #12-10 ,1,129,Strata,563000,-,4364,405,31-MAY-2001,Executive Condominium,99 Yrs From 13/12/2000,2003,New Sale,HDB,23,65,659637,West Region,Bukit Batok
THE FLORAVALE,236 Westwood Avenue  #12-39 ,1,123,Strata,493400,-,4011,373,31-MAY-2001,Executive Condominium,99 Yrs From 16/12/1997,2000,New Sale,HDB,22,64,648362,West Region,Jurong West
WOODSVALE,5 Woodlands Drive 72  #11-09 ,1,120,Strata,483500,-,4029,374,31-MAY-2001,Executive Condominium,99 Yrs From 22/09/1997,2000,New Sale,HDB,25,73,738091,North Region,Woodlands
THE FLORAVALE,236 Westwood Avenue  #13-39 ,1,123,Strata,496400,-,4036,375,31-MAY-2001,Executive Condominium,99 Yrs From 16/12/1997,2000,New Sale,Private,22,64,648362,West Region,Jurong West
THE FLORAVALE,224 Westwood Avenue  #04-13 ,1,123,Strata,470500,-,3825,355,31-MAY-2001,Executive Condominium,99 Yrs From 16/12/1997,2000,New Sale,HDB,22,64,648356,West Region,Jurong West
THE FLORAVALE,234 Westwood Avenue  #06-35 ,1,115,Strata,454100,-,3949,367,31-MAY-2001,Executive Condominium,99 Yrs From 16/12/1997,2000,New Sale,HDB,22,64,648361,West Region,Jurong West
THE FLORAVALE,244 Westwood Avenue  #02-56 ,1,127,Strata,473000,-,3724,346,31-MAY-2001,Executive Condominium,99 Yrs From 16/12/1997,2000,New Sale,HDB,22,64,648366,West Region,Jurong West
WOODSVALE,11 Woodlands Drive 72  #06-34 ,1,126,Strata,502300,-,3987,370,31-MAY-2001,Executive Condominium,99 Yrs From 22/09/1997,2000,New Sale,HDB,25,73,738094,North Region,Woodlands
THE DEW,30 Bukit Batok Street 21  #01-06 ,1,123,Strata,462000,-,3756,349,31-MAY-2001,Executive Condominium,99 Yrs From 13/12/2000,2003,New Sale,HDB,23,65,659636,West Region,Bukit Batok
WOODSVALE,11 Woodlands Drive 72  #11-35 ,1,126,Strata,512300,-,4066,378,31-MAY-2001,Executive Condominium,99 Yrs From 22/09/1997,2000,New Sale,HDB,25,73,738094,North Region,Woodlands
WOODSVALE,11 Woodlands Drive 72  #04-29 ,1,114,Strata,469000,-,4114,382,30-MAY-2001,Executive Condominium,99 Yrs From 22/09/1997,2000,New Sale,HDB,25,73,738094,North Region,Woodlands
WOODSVALE,1 Woodlands Drive 72  #03-03 ,1,119,Strata,469200,-,3943,366,30-MAY-2001,Executive Condominium,99 Yrs From 22/09/1997,2000,New Sale,HDB,25,73,738089,North Region,Woodlands
THE FLORAVALE,228 Westwood Avenue  #01-24 ,1,164,Strata,520500,-,3174,295,30-MAY-2001,Executive Condominium,99 Yrs From 16/12/1997,2000,New Sale,HDB,22,64,648358,West Region,Jurong West
THE FLORAVALE,232 Westwood Avenue  #08-32 ,1,120,Strata,448500,-,3738,347,30-MAY-2001,Executive Condominium,99 Yrs From 16/12/1997,2000,New Sale,HDB,22,64,648360,West Region,Jurong West
THE FLORAVALE,246 Westwood Avenue  #10-57 ,1,115,Strata,474300,-,4124,383,30-MAY-2001,Executive Condominium,99 Yrs From 16/12/1997,2000,New Sale,HDB,22,64,648367,West Region,Jurong West
THE FLORAVALE,230 Westwood Avenue  #09-27 ,1,116,Strata,434000,-,3741,348,29-MAY-2001,Executive Condominium,99 Yrs From 16/12/1997,2000,New Sale,HDB,22,64,648359,West Region,Jurong West
THE FLORAVALE,246 Westwood Avenue  #05-57 ,1,115,Strata,460300,-,4003,372,29-MAY-2001,Executive Condominium,99 Yrs From 16/12/1997,2000,New Sale,HDB,22,64,648367,West Region,Jurong West
THE FLORAVALE,240 Westwood Avenue  #12-48 ,1,120,Strata,468200,-,3902,362,29-MAY-2001,Executive Condominium,99 Yrs From 16/12/1997,2000,New Sale,HDB,22,64,648364,West Region,Jurong West
THE FLORAVALE,248 Westwood Avenue  #04-61 ,1,123,Strata,488000,-,3967,369,29-MAY-2001,Executive Condominium,99 Yrs From 16/12/1997,2000,New Sale,Private,22,64,648353,West Region,Jurong West
WOODSVALE,9 Woodlands Drive 72  #04-19 ,1,120,Strata,499000,-,4158,386,28-MAY-2001,Executive Condominium,99 Yrs From 22/09/1997,2000,New Sale,HDB,25,73,738093,North Region,Woodlands
THE FLORAVALE,226 Westwood Avenue  #01-17 ,1,164,Strata,516000,-,3146,292,28-MAY-2001,Executive Condominium,99 Yrs From 16/12/1997,2000,New Sale,HDB,22,64,648357,West Region,Jurong West
WOODSVALE,17 Woodlands Drive 72  #02-45 ,1,122,Strata,483800,-,3966,368,28-MAY-2001,Executive Condominium,99 Yrs From 22/09/1997,2000,New Sale,Private,25,73,738097,North Region,Woodlands
THE FLORAVALE,236 Westwood Avenue  #12-40 ,1,120,Strata,473500,-,3946,367,28-MAY-2001,Executive Condominium,99 Yrs From 16/12/1997,2000,New Sale,HDB,22,64,648362,West Region,Jurong West
THE EDEN AT TAMPINES,29 Tampines Street 34  #06-27 ,1,116,Strata,501330,-,4322,402,26-MAY-2001,Executive Condominium,99 Yrs From 12/09/2000,2003,New Sale,HDB,18,52,529236,East Region,Tampines
THE FLORAVALE,218 Westwood Avenue  #04-03 ,1,131,Strata,531100,-,4054,377,25-MAY-2001,Executive Condominium,99 Yrs From 16/12/1997,2000,New Sale,HDB,22,64,648351,West Region,Jurong West
WOODSVALE,1 Woodlands Drive 72  #14-01 ,1,120,Strata,497600,-,4147,385,25-MAY-2001,Executive Condominium,99 Yrs From 22/09/1997,2000,New Sale,HDB,25,73,738089,North Region,Woodlands
THE FLORAVALE,218 Westwood Avenue  #02-01 ,1,130,Strata,474800,-,3652,339,25-MAY-2001,Executive Condominium,99 Yrs From 16/12/1997,2000,New Sale,HDB,22,64,648351,West Region,Jurong West
THE FLORAVALE,234 Westwood Avenue  #11-34 ,1,123,Strata,477700,-,3884,361,25-MAY-2001,Executive Condominium,99 Yrs From 16/12/1997,2000,New Sale,HDB,22,64,648361,West Region,Jurong West
WOODSVALE,11 Woodlands Drive 72  #03-33 ,1,120,Strata,482000,-,4017,373,25-MAY-2001,Executive Condominium,99 Yrs From 22/09/1997,2000,New Sale,Private,25,73,738094,North Region,Woodlands
THE FLORAVALE,232 Westwood Avenue  #11-31 ,1,123,Strata,475600,-,3867,359,25-MAY-2001,Executive Condominium,99 Yrs From 16/12/1997,2000,New Sale,HDB,22,64,648360,West Region,Jurong West
NORTHOAKS,32 Woodlands Crescent  #02-02 ,1,115,Strata,521000,-,4530,421,25-MAY-2001,Executive Condominium,99 Yrs From 16/12/1997,2000,New Sale,HDB,25,73,738087,North Region,Woodlands
THE FLORAVALE,228 Westwood Avenue  #01-21 ,1,157,Strata,529400,-,3372,313,24-MAY-2001,Executive Condominium,99 Yrs From 16/12/1997,2000,New Sale,HDB,22,64,648358,West Region,Jurong West
WOODSVALE,11 Woodlands Drive 72  #04-36 ,1,120,Strata,484000,-,4033,375,24-MAY-2001,Executive Condominium,99 Yrs From 22/09/1997,2000,New Sale,HDB,25,73,738094,North Region,Woodlands
WOODSVALE,17 Woodlands Drive 72  #07-46 ,1,122,Strata,469800,-,3851,358,24-MAY-2001,Executive Condominium,99 Yrs From 22/09/1997,2000,New Sale,HDB,25,73,738097,North Region,Woodlands
THE FLORAVALE,222 Westwood Avenue  #01-12 ,1,164,Strata,537700,-,3279,305,24-MAY-2001,Executive Condominium,99 Yrs From 16/12/1997,2000,New Sale,Private,22,64,648355,West Region,Jurong West
WOODSVALE,9 Woodlands Drive 72  #04-26 ,1,120,Strata,499000,-,4158,386,23-MAY-2001,Executive Condominium,99 Yrs From 22/09/1997,2000,New Sale,Private,25,73,738093,North Region,Woodlands
THE FLORAVALE,226 Westwood Avenue  #08-17 ,1,120,Strata,450000,-,3750,348,23-MAY-2001,Executive Condominium,99 Yrs From 16/12/1997,2000,New Sale,HDB,22,64,648357,West Region,Jurong West
THE FLORAVALE,236 Westwood Avenue  #10-39 ,1,123,Strata,487400,-,3963,368,23-MAY-2001,Executive Condominium,99 Yrs From 16/12/1997,2000,New Sale,HDB,22,64,648362,West Region,Jurong West
WOODSVALE,5 Woodlands Drive 72  #12-09 ,1,120,Strata,486500,-,4054,377,23-MAY-2001,Executive Condominium,99 Yrs From 22/09/1997,2000,New Sale,HDB,25,73,738091,North Region,Woodlands
THE FLORAVALE,230 Westwood Avenue  #05-28 ,1,115,Strata,454000,-,3948,367,22-MAY-2001,Executive Condominium,99 Yrs From 16/12/1997,2000,New Sale,HDB,22,64,648359,West Region,Jurong West
THE FLORAVALE,226 Westwood Avenue  #11-17 ,1,120,Strata,459000,-,3825,355,21-MAY-2001,Executive Condominium,99 Yrs From 16/12/1997,2000,New Sale,HDB,22,64,648357,West Region,Jurong West
WOODSVALE,19 Woodlands Drive 72  #03-49 ,1,122,Strata,505700,-,4145,385,18-MAY-2001,Executive Condominium,99 Yrs From 22/09/1997,2000,New Sale,HDB,25,73,738098,North Region,Woodlands
THE RIVERVALE,3 Rivervale Link  #02-26 ,1,131,Strata,600000,-,4580,426,18-MAY-2001,Executive Condominium,99 Yrs From 18/12/1997,2000,New Sale,HDB,19,54,545119,North East Region,Sengkang
WOODSVALE,3 Woodlands Drive 72  #13-05 ,1,120,Strata,500600,-,4172,388,18-MAY-2001,Executive Condominium,99 Yrs From 22/09/1997,2000,New Sale,Private,25,73,738090,North Region,Woodlands
WOODSVALE,9 Woodlands Drive 72  #06-23 ,1,126,Strata,514800,-,4086,380,18-MAY-2001,Executive Condominium,99 Yrs From 22/09/1997,2000,New Sale,HDB,25,73,738093,North Region,Woodlands
WOODSVALE,19 Woodlands Drive 72  #10-51 ,1,120,Strata,466000,-,3883,361,18-MAY-2001,Executive Condominium,99 Yrs From 22/09/1997,2000,New Sale,HDB,25,73,738098,North Region,Woodlands
NORTHOAKS,30 Woodlands Crescent  #02-10 ,1,115,Strata,522200,-,4541,422,17-MAY-2001,Executive Condominium,99 Yrs From 16/12/1997,2000,New Sale,HDB,25,73,738086,North Region,Woodlands
THE FLORAVALE,230 Westwood Avenue  #10-28 ,1,115,Strata,468000,-,4070,378,16-MAY-2001,Executive Condominium,99 Yrs From 16/12/1997,2000,New Sale,HDB,22,64,648359,West Region,Jurong West
WOODSVALE,1 Woodlands Drive 72  #05-04 ,1,120,Strata,461800,-,3848,358,14-MAY-2001,Executive Condominium,99 Yrs From 22/09/1997,2000,New Sale,HDB,25,73,738089,North Region,Woodlands
THE EDEN AT TAMPINES,21 Tampines Street 34  #09-03 ,1,94,Strata,458405,-,4877,453,12-MAY-2001,Executive Condominium,99 Yrs From 12/09/2000,2003,New Sale,HDB,18,52,529232,East Region,Tampines
NORTHOAKS,22 Woodlands Crescent  #15-33 ,1,181,Strata,688000,-,3801,353,03-MAY-2001,Executive Condominium,99 Yrs From 16/12/1997,2000,New Sale,HDB,25,73,738082,North Region,Woodlands
WOODSVALE,1 Woodlands Drive 72  #10-04 ,1,120,Strata,475800,-,3965,368,01-MAY-2001,Executive Condominium,99 Yrs From 22/09/1997,2000,New Sale,HDB,25,73,738089,North Region,Woodlands
NORTHOAKS,26 Woodlands Crescent  #01-29 ,1,152,Strata,565500,-,3720,346,MAY-2001,Executive Condominium,99 Yrs From 16/12/1997,2000,New Sale,HDB,25,73,738084,North Region,Woodlands
PINEVALE,4 Tampines Street 73  #12-03 ,1,120,Strata,592000,-,4933,458,MAY-2001,Executive Condominium,99 Yrs From 31/01/1997,1999,New Sale,Private,18,52,528824,East Region,Tampines
WOODSVALE,19 Woodlands Drive 72  #05-51 ,1,119,Strata,452000,-,3798,353,29-APR-2001,Executive Condominium,99 Yrs From 22/09/1997,2000,New Sale,HDB,25,73,738098,North Region,Woodlands
NORTHOAKS,22 Woodlands Crescent  #13-34 ,1,115,Strata,542500,-,4717,438,27-APR-2001,Executive Condominium,99 Yrs From 16/12/1997,2000,New Sale,HDB,25,73,738082,North Region,Woodlands
NORTHOAKS,22 Woodlands Crescent  #01-35 ,1,149,Strata,560000,-,3758,349,23-APR-2001,Executive Condominium,99 Yrs From 16/12/1997,2000,New Sale,HDB,25,73,738082,North Region,Woodlands
WOODSVALE,19 Woodlands Drive 72  #07-51 ,1,119,Strata,457000,-,3840,357,19-APR-2001,Executive Condominium,99 Yrs From 22/09/1997,2000,New Sale,HDB,25,73,738098,North Region,Woodlands
NORTHOAKS,20 Woodlands Crescent  #02-47 ,1,115,Strata,515600,-,4483,417,18-APR-2001,Executive Condominium,99 Yrs From 16/12/1997,2000,New Sale,HDB,25,73,738081,North Region,Woodlands
NORTHOAKS,20 Woodlands Crescent  #03-42 ,1,115,Strata,516800,-,4494,417,17-APR-2001,Executive Condominium,99 Yrs From 16/12/1997,2000,New Sale,HDB,25,73,738081,North Region,Woodlands
NORTHOAKS,30 Woodlands Crescent  #02-11 ,1,120,Strata,544100,-,4534,421,10-APR-2001,Executive Condominium,99 Yrs From 16/12/1997,2000,New Sale,Private,25,73,738086,North Region,Woodlands
NORTHOAKS,30 Woodlands Crescent  #03-10 ,1,115,Strata,524900,-,4564,424,10-APR-2001,Executive Condominium,99 Yrs From 16/12/1997,2000,New Sale,HDB,25,73,738086,North Region,Woodlands
NORTHOAKS,20 Woodlands Crescent  #05-42 ,1,115,Strata,522100,-,4540,422,03-APR-2001,Executive Condominium,99 Yrs From 16/12/1997,2000,New Sale,HDB,25,73,738081,North Region,Woodlands
YEW MEI GREEN,52 Choa Chu Kang North 6  #22-24 ,1,148,Strata,560000,-,3784,352,02-APR-2001,Executive Condominium,99 Yrs From 01/12/1997,2000,New Sale,HDB,23,68,689575,West Region,Choa Chu Kang
THE FLORAVALE,224 Westwood Avenue  #03-15 ,1,129,Strata,548400,-,4251,395,30-MAR-2001,Executive Condominium,99 Yrs From 16/12/1997,2000,New Sale,HDB,22,64,648356,West Region,Jurong West
WOODSVALE,5 Woodlands Drive 72  #09-12 ,1,120,Strata,511394,-,4262,396,30-MAR-2001,Executive Condominium,99 Yrs From 22/09/1997,2000,New Sale,HDB,25,73,738091,North Region,Woodlands
NORTHOAKS,20 Woodlands Crescent  #04-42 ,1,115,Strata,519500,-,4517,420,29-MAR-2001,Executive Condominium,99 Yrs From 16/12/1997,2000,New Sale,HDB,25,73,738081,North Region,Woodlands
THE FLORAVALE,230 Westwood Avenue  #05-27 ,1,116,Strata,441700,-,3808,354,29-MAR-2001,Executive Condominium,99 Yrs From 16/12/1997,2000,New Sale,Private,22,64,648359,West Region,Jurong West
THE FLORAVALE,230 Westwood Avenue  #01-28 ,1,160,Strata,566600,-,3541,329,28-MAR-2001,Executive Condominium,99 Yrs From 16/12/1997,2000,New Sale,HDB,22,64,648359,West Region,Jurong West
THE FLORAVALE,218 Westwood Avenue  #01-03 ,1,168,Strata,619200,-,3686,342,23-MAR-2001,Executive Condominium,99 Yrs From 16/12/1997,2000,New Sale,HDB,22,64,648351,West Region,Jurong West
THE RIVERVALE,7 Rivervale Link  #02-38 ,1,117,Strata,553392,-,4730,439,23-MAR-2001,Executive Condominium,99 Yrs From 18/12/1997,2000,New Sale,HDB,19,54,545125,North East Region,Sengkang
WOODSVALE,9 Woodlands Drive 72  #07-26 ,1,120,Strata,529016,-,4408,410,22-MAR-2001,Executive Condominium,99 Yrs From 22/09/1997,2000,New Sale,Private,25,73,738093,North Region,Woodlands
WOODSVALE,1 Woodlands Drive 72  #07-03 ,1,119,Strata,502138,-,4220,392,22-MAR-2001,Executive Condominium,99 Yrs From 22/09/1997,2000,New Sale,HDB,25,73,738089,North Region,Woodlands
WOODSVALE,1 Woodlands Drive 72  #04-03 ,1,119,Strata,494395,-,4155,386,20-MAR-2001,Executive Condominium,99 Yrs From 22/09/1997,2000,New Sale,HDB,25,73,738089,North Region,Woodlands
WOODSVALE,9 Woodlands Drive 72  #07-23 ,1,126,Strata,540586,-,4290,399,20-MAR-2001,Executive Condominium,99 Yrs From 22/09/1997,2000,New Sale,HDB,25,73,738093,North Region,Woodlands
THE FLORAVALE,230 Westwood Avenue  #13-28 ,1,115,Strata,504500,-,4387,408,16-MAR-2001,Executive Condominium,99 Yrs From 16/12/1997,2000,New Sale,HDB,22,64,648359,West Region,Jurong West
THE FLORAVALE,242 Westwood Avenue  #04-49 ,1,122,Strata,495500,-,4061,377,15-MAR-2001,Executive Condominium,99 Yrs From 16/12/1997,2000,New Sale,HDB,22,64,648365,West Region,Jurong West
WOODSVALE,1 Woodlands Drive 72  #04-01 ,1,120,Strata,498489,-,4154,386,09-MAR-2001,Executive Condominium,99 Yrs From 22/09/1997,2000,New Sale,HDB,25,73,738089,North Region,Woodlands
THE FLORAVALE,228 Westwood Avenue  #03-21 ,1,123,Strata,490100,-,3985,370,07-MAR-2001,Executive Condominium,99 Yrs From 16/12/1997,2000,New Sale,HDB,22,64,648358,West Region,Jurong West
WOODSVALE,11 Woodlands Drive 72  #03-38 ,1,120,Strata,500536,-,4171,388,05-MAR-2001,Executive Condominium,99 Yrs From 22/09/1997,2000,New Sale,Private,25,73,738094,North Region,Woodlands
WOODSVALE,9 Woodlands Drive 72  #09-23 ,1,126,Strata,545748,-,4331,402,05-MAR-2001,Executive Condominium,99 Yrs From 22/09/1997,2000,New Sale,HDB,25,73,738093,North Region,Woodlands
NORTHOAKS,20 Woodlands Crescent  #14-42 ,1,115,Strata,546200,-,4750,441,01-MAR-2001,Executive Condominium,99 Yrs From 16/12/1997,2000,New Sale,HDB,25,73,738081,North Region,Woodlands
THE FLORAVALE,230 Westwood Avenue  #02-28 ,1,117,Strata,466600,-,3988,370,01-MAR-2001,Executive Condominium,99 Yrs From 16/12/1997,2000,New Sale,HDB,22,64,648359,West Region,Jurong West
CHESTERVALE,31 Bangkit Road  #16-02 ,1,132,Strata,620000,-,4697,436,MAR-2001,Executive Condominium,99 Yrs From 17/03/1997,1999,Resale,HDB,23,67,679973,West Region,Bukit Panjang
THE FLORAVALE,228 Westwood Avenue  #01-22 ,1,157,Strata,513500,-,3271,304,27-FEB-2001,Executive Condominium,99 Yrs From 16/12/1997,2000,New Sale,HDB,22,64,648358,West Region,Jurong West
THE RIVERVALE,3 Rivervale Link  #02-25 ,1,119,Strata,588515,-,4946,459,27-FEB-2001,Executive Condominium,99 Yrs From 18/12/1997,2000,New Sale,Private,19,54,545119,North East Region,Sengkang
WOODSVALE,7 Woodlands Drive 72  #11-13 ,1,120,Strata,516556,-,4305,400,25-FEB-2001,Executive Condominium,99 Yrs From 22/09/1997,2000,New Sale,HDB,25,73,738092,North Region,Woodlands
YEW MEI GREEN,52 Choa Chu Kang North 6  #13-14 ,1,120,Strata,545110,-,4543,422,23-FEB-2001,Executive Condominium,99 Yrs From 01/12/1997,2000,New Sale,HDB,23,68,689575,West Region,Choa Chu Kang
NORTHOAKS,20 Woodlands Crescent  #10-42 ,1,115,Strata,535500,-,4657,433,21-FEB-2001,Executive Condominium,99 Yrs From 16/12/1997,2000,New Sale,HDB,25,73,738081,North Region,Woodlands
WOODSVALE,17 Woodlands Drive 72  #01-45 ,1,129,Strata,513174,-,3978,370,15-FEB-2001,Executive Condominium,99 Yrs From 22/09/1997,2000,New Sale,HDB,25,73,738097,North Region,Woodlands
YEW MEI GREEN,52 Choa Chu Kang North 6  #02-13 ,1,120,Strata,500555,-,4171,388,15-FEB-2001,Executive Condominium,99 Yrs From 01/12/1997,2000,New Sale,HDB,23,68,689575,West Region,Choa Chu Kang
THE FLORAVALE,230 Westwood Avenue  #12-28 ,1,115,Strata,500600,-,4353,404,15-FEB-2001,Executive Condominium,99 Yrs From 16/12/1997,2000,New Sale,HDB,22,64,648359,West Region,Jurong West
WOODSVALE,9 Woodlands Drive 72  #05-19 ,1,120,Strata,517980,-,4317,401,13-FEB-2001,Executive Condominium,99 Yrs From 22/09/1997,2000,New Sale,HDB,25,73,738093,North Region,Woodlands
WOODSVALE,11 Woodlands Drive 72  #05-36 ,1,120,Strata,507567,-,4230,393,13-FEB-2001,Executive Condominium,99 Yrs From 22/09/1997,2000,New Sale,HDB,25,73,738094,North Region,Woodlands
NORTHOAKS,20 Woodlands Crescent  #09-42 ,1,115,Strata,532800,-,4633,430,12-FEB-2001,Executive Condominium,99 Yrs From 16/12/1997,2000,New Sale,HDB,25,73,738081,North Region,Woodlands
WOODSVALE,9 Woodlands Drive 72  #05-26 ,1,120,Strata,523854,-,4365,406,12-FEB-2001,Executive Condominium,99 Yrs From 22/09/1997,2000,New Sale,HDB,25,73,738093,North Region,Woodlands
THE FLORAVALE,228 Westwood Avenue  #08-23 ,1,123,Strata,485400,-,3946,367,05-FEB-2001,Executive Condominium,99 Yrs From 16/12/1997,2000,New Sale,HDB,22,64,648358,West Region,Jurong West
THE FLORAVALE,234 Westwood Avenue  #04-33 ,1,115,Strata,462600,-,4023,374,05-FEB-2001,Executive Condominium,99 Yrs From 16/12/1997,2000,New Sale,HDB,22,64,648361,West Region,Jurong West
THE FLORAVALE,224 Westwood Avenue  #02-16 ,1,131,Strata,530000,-,4046,376,05-FEB-2001,Executive Condominium,99 Yrs From 16/12/1997,2000,New Sale,Private,22,64,648356,West Region,Jurong West
THE FLORAVALE,222 Westwood Avenue  #10-11 ,1,120,Strata,495100,-,4126,383,02-FEB-2001,Executive Condominium,99 Yrs From 16/12/1997,2000,New Sale,Private,22,64,648355,West Region,Jurong West
WOODSVALE,15 Woodlands Drive 72  #07-44 ,1,122,Strata,525812,-,4310,400,FEB-2001,Executive Condominium,99 Yrs From 22/09/1997,2000,New Sale,HDB,25,73,738096,North Region,Woodlands
THE RIVERVALE,1 Rivervale Link  #04-04 ,1,122,Strata,575890,-,4720,439,01-FEB-2001,Executive Condominium,99 Yrs From 18/12/1997,2000,New Sale,HDB,19,54,545118,North East Region,Sengkang
NORTHOAKS,32 Woodlands Crescent  #03-02 ,1,115,Strata,523600,-,4553,423,FEB-2001,Executive Condominium,99 Yrs From 16/12/1997,2000,New Sale,HDB,25,73,738087,North Region,Woodlands
THE FLORAVALE,230 Westwood Avenue  #14-26 ,1,214,Strata,617000,-,2883,268,31-JAN-2001,Executive Condominium,99 Yrs From 16/12/1997,2000,New Sale,HDB,22,64,648359,West Region,Jurong West
THE FLORAVALE,226 Westwood Avenue  #01-20 ,1,160,Strata,573100,-,3582,333,30-JAN-2001,Executive Condominium,99 Yrs From 16/12/1997,2000,New Sale,HDB,22,64,648357,West Region,Jurong West
THE RIVERVALE,7 Rivervale Link  #02-43 ,1,117,Strata,567340,-,4849,450,30-JAN-2001,Executive Condominium,99 Yrs From 18/12/1997,2000,New Sale,HDB,19,54,545125,North East Region,Sengkang
THE FLORAVALE,242 Westwood Avenue  #04-50 ,1,123,Strata,499500,-,4061,377,22-JAN-2001,Executive Condominium,99 Yrs From 16/12/1997,2000,New Sale,HDB,22,64,648365,West Region,Jurong West
WOODSVALE,15 Woodlands Drive 72  #12-42 ,1,122,Strata,520205,-,4264,396,19-JAN-2001,Executive Condominium,99 Yrs From 22/09/1997,2000,New Sale,HDB,25,73,738096,North Region,Woodlands
THE FLORAVALE,246 Westwood Avenue  #06-57 ,1,115,Strata,495000,-,4304,400,19-JAN-2001,Executive Condominium,99 Yrs From 16/12/1997,2000,New Sale,HDB,22,64,648367,West Region,Jurong West
THE FLORAVALE,248 Westwood Avenue  #10-64 ,1,115,Strata,518000,-,4504,418,18-JAN-2001,Executive Condominium,99 Yrs From 16/12/1997,2000,New Sale,HDB,22,64,648353,West Region,Jurong West
THE FLORAVALE,218 Westwood Avenue  #03-02 ,1,123,Strata,492200,-,4002,372,18-JAN-2001,Executive Condominium,99 Yrs From 16/12/1997,2000,New Sale,HDB,22,64,648351,West Region,Jurong West
NORTHOAKS,20 Woodlands Crescent  #13-42 ,1,115,Strata,543500,-,4726,439,18-JAN-2001,Executive Condominium,99 Yrs From 16/12/1997,2000,New Sale,Private,25,73,738081,North Region,Woodlands
THE RIVERVALE,3 Rivervale Link  #04-29 ,1,121,Strata,548435,-,4533,421,18-JAN-2001,Executive Condominium,99 Yrs From 18/12/1997,2000,New Sale,HDB,19,54,545119,North East Region,Sengkang
NORTHOAKS,20 Woodlands Crescent  #04-47 ,1,115,Strata,521000,-,4530,421,17-JAN-2001,Executive Condominium,99 Yrs From 16/12/1997,2000,New Sale,HDB,25,73,738081,North Region,Woodlands
THE FLORAVALE,242 Westwood Avenue  #11-50 ,1,123,Strata,523100,-,4253,395,17-JAN-2001,Executive Condominium,99 Yrs From 16/12/1997,2000,New Sale,HDB,22,64,648365,West Region,Jurong West
THE RIVERVALE,3 Rivervale Link  #02-22 ,1,117,Strata,559075,-,4778,444,12-JAN-2001,Executive Condominium,99 Yrs From 18/12/1997,2000,New Sale,HDB,19,54,545119,North East Region,Sengkang
THE FLORAVALE,220 Westwood Avenue  #03-08 ,1,122,Strata,475900,-,3901,362,11-JAN-2001,Executive Condominium,99 Yrs From 16/12/1997,2000,New Sale,HDB,22,64,648352,West Region,Jurong West
NORTHOAKS,26 Woodlands Crescent  #03-31 ,1,115,Strata,520600,-,4527,421,09-JAN-2001,Executive Condominium,99 Yrs From 16/12/1997,2000,New Sale,HDB,25,73,738084,North Region,Woodlands
NORTHOAKS,20 Woodlands Crescent  #11-42 ,1,115,Strata,538200,-,4680,435,09-JAN-2001,Executive Condominium,99 Yrs From 16/12/1997,2000,New Sale,HDB,25,73,738081,North Region,Woodlands
THE FLORAVALE,248 Westwood Avenue  #05-62 ,1,122,Strata,505000,-,4139,385,09-JAN-2001,Executive Condominium,99 Yrs From 16/12/1997,2000,New Sale,Private,22,64,648353,West Region,Jurong West
NORTHOAKS,30 Woodlands Crescent  #04-10 ,1,115,Strata,527600,-,4588,426,09-JAN-2001,Executive Condominium,99 Yrs From 16/12/1997,2000,New Sale,HDB,25,73,738086,North Region,Woodlands
EASTVALE,37 Pasir Ris Drive 3  #02-04 ,1,99,Strata,460000,-,4646,432,05-JAN-2001,Executive Condominium,99 Yrs From 26/06/1996,1999,Resale,HDB,18,51,519494,East Region,Pasir Ris
NORTHOAKS,30 Woodlands Crescent  #15-15 ,1,211,Strata,763200,-,3617,336,05-JAN-2001,Executive Condominium,99 Yrs From 16/12/1997,2000,New Sale,HDB,25,73,738086,North Region,Woodlands
NORTHOAKS,20 Woodlands Crescent  #07-42 ,1,115,Strata,527500,-,4587,426,05-JAN-2001,Executive Condominium,99 Yrs From 16/12/1997,2000,New Sale,HDB,25,73,738081,North Region,Woodlands
NORTHOAKS,22 Woodlands Crescent  #12-34 ,1,115,Strata,539800,-,4694,436,05-JAN-2001,Executive Condominium,99 Yrs From 16/12/1997,2000,New Sale,HDB,25,73,738082,North Region,Woodlands
NORTHOAKS,26 Woodlands Crescent  #02-27 ,1,120,Strata,543000,-,4525,420,05-JAN-2001,Executive Condominium,99 Yrs From 16/12/1997,2000,New Sale,Private,25,73,738084,North Region,Woodlands
THE FLORAVALE,218 Westwood Avenue  #05-03 ,1,131,Strata,557000,-,4252,395,02-JAN-2001,Executive Condominium,99 Yrs From 16/12/1997,2000,New Sale,HDB,22,64,648351,West Region,Jurong West
PINEVALE,6 Tampines Street 73  #01-04 ,1,158,Strata,590000,-,3734,347,JAN-2001,Executive Condominium,99 Yrs From 31/01/1997,1999,New Sale,HDB,18,52,528825,East Region,Tampines
THE FLORAVALE,246 Westwood Avenue  #08-58 ,1,115,Strata,503000,-,4374,406,JAN-2001,Executive Condominium,99 Yrs From 16/12/1997,2000,New Sale,HDB,22,64,648367,West Region,Jurong West

